7308365829,jeep,wrangler unlimited willys,33990
7308255063,jeep,wrangler unlimited sahara,43990
7308217002,jeep,wrangler unlimited rubicon,38990
7308216849,jeep,wrangler unlimited all new,39590
7307730503,chrysler,town & country,9500
7307218858,gmc,acadia sle-2 sport utility,28590
7307164168,lincoln,mkz sedan 4d,16590
7307164193,gmc,acadia slt-1 sport utility,28990
7307142186,lincoln,mkz premiere sedan 4d,20590
7306701617,lexus,nx 200t sport utility 4d,26990
7306676175,lexus,nx 200t sport utility 4d,26990
7306676124,buick,encore gx select sport,22590
7306625443,jaguar,e-pace p250 se sport,35990
7306407989,toyota,fj cruiser,17500
7306259907,mercedes-benz,e320 cdi,6000
7306238443,volvo,s60 t5 inscription sedan,25990